orf_name_id,orf_name,deg,eff,sens,trans,eigenvec_centr,closeness_centr,smallest_eigenvec,neighbor_degree
0,MYBBP1A,84,1.099680826037979,0.23905019139686182,0.7005163511187608,0.09541595126345824,0.5345911949685535,0.005694652676950629,90.33333333333333
1,RPS3A,124,2.2314929798967267,0.19903686049300603,0.491869918699187,0.12264720003809672,0.5666666666666667,0.005597325993666288,81.0725806451613
2,RPS4X,111,1.8006422080696343,0.21033541008167964,0.5502047502047502,0.11531115333599383,0.5614266842800528,0.005567050069213569,85.72072072072072
3,RPS5,94,1.3743427631842215,0.2156994106972967,0.5875085792724777,0.10003378144246484,0.5372945638432364,0.005658982502136596,87.55319148936171
4,RPS7,119,2.1087035188852616,0.21524004850765335,0.5308360632388549,0.12245868065211471,0.5606860158311345,0.005599633731336678,84.22689075630252
5,RPS8,135,2.8171658033363984,0.1920361067645329,0.424212271973466,0.1225430228215131,0.5743243243243243,0.005636437607076671,76.76296296296296
6,RPS9,96,1.4224951181641794,0.22994552276960817,0.5971491228070176,0.10346032659398405,0.5400254129606099,0.0056705306462402835,85.76041666666667
7,RSL1D1,80,0.9905953417854636,0.23915226528134564,0.7294303797468354,0.09295571270642872,0.5246913580246914,0.005665787879408274,92.0125
8,SLC25A5,98,1.4492047239935653,0.20711700644193407,0.5640648011782032,0.10291261149773162,0.5441741357234315,0.0056122010776700005,86.38775510204081
9,SMARCA5,25,0.13735797798951668,0.0877747739542075,0.33,0.018102033393098026,0.46600877192982454,0.005898968544886891,70.8
10,SRP14,74,0.8729451270522088,0.22007603764005065,0.684931506849315,0.0832299513506412,0.519559902200489,0.005757616157765138,91.93243243243244
11,SRP68,17,0.0716594756056795,0.1332783714821978,0.5294117647058824,0.015688628971458094,0.4579741379310345,0.006088542404151534,86.94117647058823
12,SRPK1,82,1.0698024657207388,0.21235628208490007,0.5700090334236676,0.08526696812657938,0.5120481927710844,0.005719522589879525,83.64634146341463
13,STAU1,84,1.0433205990291148,0.10893569232439505,0.3442340791738382,0.06920808293248343,0.5441741357234315,0.0054655602826185964,75.26190476190476
14,TOP1,82,1.0521158473649683,0.2024861490217085,0.594700391448359,0.08621265562798745,0.5233990147783252,0.00577078145560081,86.35365853658537
15,TUBB1,64,0.6563964026685332,0.24474814007921616,0.8154761904761905,0.0758023524647274,0.49824150058616645,0.005651727683042257,92.96875
16,WDR18,46,0.30187415133232065,0.20067780836511867,0.7990338164251207,0.05373959576335427,0.5023640661938534,0.004839490764054669,97.1086956521739
17,ZNF326,58,0.5374655308747116,0.21999861139194418,0.7471264367816092,0.06661820822291835,0.504750593824228,0.00563722818517523,95.46551724137932
18,NOP2,44,0.3248721774134125,0.18344733731045268,0.547568710359408,0.04236498709377676,0.4907621247113164,0.005497459324834392,79.72727272727273
19,PABPC1,142,2.926089558994974,0.15578693398649482,0.36769553491159723,0.11615673061648553,0.5862068965517241,0.005625286789729442,73.9225352112676
20,RBBP7,18,0.06877141481362443,0.07999586459114263,0.37254901960784315,0.012628063173782136,0.4753914988814318,0.005706135026850967,75.5
21,RPL23,107,1.8507158750667467,0.21143116853007532,0.5819079527420208,0.11386956564069828,0.5490956072351422,0.0056515927699697655,86.66355140186916
22,RPL3,76,0.9096309508272459,0.24207225994374726,0.728421052631579,0.08897143002863224,0.5095923261390888,0.005685416992889325,93.34210526315789
23,RPL5,85,1.1308402681805743,0.22887188620984267,0.6588235294117647,0.09286957339010528,0.518925518925519,0.0056609792260853276,86.54117647058824
24,RPL9,84,1.0911273193324833,0.23134394324663696,0.6735513482501434,0.09343260758362518,0.535264483627204,0.005691742373201275,89.86904761904762
25,RPLP1,89,1.2277144479154927,0.22637787183562785,0.6514300306435138,0.09769339962449212,0.5253399258343634,0.005677509849846912,88.35955056179775
26,RPLP2,76,0.9174770026937082,0.24394264380893466,0.7368421052631579,0.08737355723516917,0.5095923261390888,0.00570964797458659,91.15789473684211
27,RPS15A,103,1.6399553628469477,0.22807726347102356,0.5971825623453265,0.11036887124135708,0.5434782608695652,0.005643959391312486,86.52427184466019
28,SF3B1,122,2.2251585784215537,0.17351330551396785,0.435306868987942,0.10515134358830766,0.5674232309746329,0.00565138446569266,79.18852459016394
29,SYNCRIP,101,1.745370909839794,0.13737894281496052,0.42455445544554454,0.0900502619992159,0.5505181347150259,0.005293864527785269,80.07920792079207
30,SYNE1,54,0.45431717041257147,0.22440094344033068,0.8134171907756813,0.06499228594898161,0.5023640661938534,0.005682110057851852,98.11111111111111
31,YBX1,131,2.5083845410747667,0.17747337261523888,0.42889019377568993,0.12221039979130456,0.5697050938337802,0.00563022138364716,77.81679389312977
32,MYL6,45,0.31953108970716426,0.16348774929471357,0.704040404040404,0.04535662134500166,0.49533799533799533,0.005521514747751671,89.24444444444444
33,NCL,142,2.880042089596578,0.1640099987548042,0.39616421935870544,0.12712447778133731,0.5862068965517241,0.005555871243185739,75.05633802816901
34,PDLIM7,9,0.025136853562608363,0.180390013905157,0.3055555555555556,0.0029626432885394996,0.4427083333333333,0.001070038007317,52.0
35,PPT1,30,0.19470497317128876,0.10119945381423663,0.36551724137931035,0.024369252334129544,0.4685777287761852,0.005730525748334714,69.26666666666667
36,RPL11,122,2.1999648217964705,0.21179010098367868,0.513616041186831,0.12323502378994512,0.5636604774535809,0.005589029197144784,82.5
37,RPL22,95,1.3723964321718902,0.2063088634091191,0.5881298992161255,0.09831334644164752,0.535264483627204,0.005654234605357605,83.11578947368422
38,RPL7A,107,1.7111694202752528,0.21705283300612976,0.5722094868629871,0.11293527975351456,0.5505181347150259,0.005633889547300462,85.27102803738318
39,RPLP0,112,1.8398138932363381,0.2079179779708808,0.541988416988417,0.11470148936270251,0.5555555555555556,0.005592677986178261,83.00892857142857
40,RPS10,69,0.7420795755852527,0.2193147567365743,0.6896845694799659,0.0775194528619913,0.5176613885505481,0.005660558968020793,92.6231884057971
41,RPS12,89,1.2272445312532456,0.2288319738917866,0.6527068437180796,0.09662929854366986,0.529925187032419,0.005636818027305672,86.80898876404494
42,RPS13,108,1.7514329303197358,0.2185984078281372,0.5683627552786431,0.11353422131201066,0.552665799739922,0.005626679594494834,84.66666666666667
43,RPS18,102,1.5977589730971433,0.22066094159996766,0.5699864104057465,0.107442228680916,0.5386565272496832,0.005662918767835775,85.72549019607843
44,RPS19,79,0.9584468319249727,0.20401280172064817,0.5991561181434599,0.08192559177331357,0.5221130221130221,0.005663162288570941,85.60759493670886
45,SSRP1,72,0.7879979454316981,0.18335077269333966,0.5672926447574335,0.07300588466695054,0.5201958384332925,0.00562026615593956,85.68055555555556
46,VDAC1,63,0.6825261691230671,0.103384317045229,0.3527905785970302,0.04871675235132639,0.5176613885505481,0.005335374449201636,67.68253968253968
47,VDAC2,40,0.37226783796694973,0.15238985820184361,0.6756410256410257,0.03872652480908855,0.4807692307692308,0.005747272380889193,82.6
48,VIM,68,0.9707060410208789,0.09622197537090361,0.3968393327480246,0.05374357044560109,0.525990099009901,0.005390368801522089,72.57352941176471
49,A1BG,2,0.006547251161201535,2.6057641469803148,0.0,0.00031549896029088104,0.3541666666666667,-0.026594756876381805,50.0
50,SHMT2,79,7.502306008450706,0.2652619518331024,0.033106134371957155,0.015053553119872977,0.5157766990291263,-0.03275744257348352,20.645569620253166
51,SNCA,21,0.3546959362411043,0.06144967781037015,0.18571428571428572,0.009810979120265488,0.453091684434968,0.003956955467783679,49.57142857142857
52,MYO1E,21,0.09649140421503952,0.05909903207485274,0.14285714285714285,0.010980724573037684,0.46045503791982667,0.0038174111743792616,56.142857142857146
53,SAP18,25,0.12672510909518403,0.10586326301544556,0.29333333333333333,0.015757481559427078,0.4579741379310345,0.005888462551076366,63.56
54,SF3B2,103,1.618127564090336,0.16928367955882956,0.4500285551113649,0.08416632413678171,0.551948051948052,0.005588129763590856,77.60194174757281
55,SNRPF,45,0.3479094384853552,0.16174614193941983,0.6151515151515151,0.034067937055488724,0.5035545023696683,0.0057968893076308075,80.88888888888889
56,SPTAN1,24,0.32482023951105865,0.06142496191882663,0.2536231884057971,0.01150959324300247,0.46397379912663755,0.005783068224743872,53.083333333333336
57,SPTBN1,16,0.08557606014054116,0.08933999453030146,0.2833333333333333,0.0071432546655881245,0.4492600422832981,0.00551529807350859,54.0625
58,SRPK2,50,0.4744481841991327,0.10751771117046109,0.2889795918367347,0.031230395897739658,0.49303944315545245,0.005756531923104288,60.72
59,TMOD3,14,0.04901464283894556,0.10384380096110045,0.45054945054945056,0.008509889852842093,0.4468980021030494,0.005871070541958302,69.0
60,TWF1,8,0.02615453118853424,0.15725992022601337,0.17857142857142858,0.0034985387448305976,0.42542542542542544,0.006313857493728713,55.5
61,NCBP1,55,0.5239095762182091,0.20210832172755175,0.7387205387205387,0.040311845411095275,0.5164034021871203,0.005644748115115774,80.87272727272727
62,PPIL1,54,0.5132240926278278,0.23264790553710366,0.8043326345213138,0.03741282661993998,0.5108173076923077,0.00573613760135279,75.38888888888889
63,PPM1G,58,0.5980318587169331,0.17420166113629706,0.6515426497277677,0.03779840657964634,0.5120481927710844,0.004719095800699841,71.15517241379311
64,PRPF3,79,1.0054929767176608,0.2049563023280687,0.5472249269717624,0.06925667930622378,0.5176613885505481,0.005688894215041774,81.10126582278481
65,PRPF4,57,0.5591502114752112,0.21586674269121656,0.7274436090225563,0.04140215218038844,0.5157766990291263,0.005728857198425521,78.3859649122807
66,PRPF40A,62,0.7097741535404473,0.1846093265752694,0.6139608672659969,0.04162802959575889,0.5065554231227652,0.005497647878489075,71.11290322580645
67,PRPF6,61,0.6567248569590076,0.21495078695502182,0.7191256830601093,0.04427566643350205,0.518925518925519,0.005726721937048411,78.21311475409836
68,RBM25,55,0.537610802271168,0.2138199115547969,0.701010101010101,0.034222898640458924,0.4890678941311853,0.0056775337125294836,67.63636363636364
69,SART1,66,0.7359468176746808,0.19561994882810696,0.6219114219114219,0.04543843972816403,0.5208333333333334,0.00572810297184252,73.37878787878788
70,SF3A2,65,0.7027348565747088,0.19563314179696417,0.6379807692307692,0.0441014875228035,0.5233990147783252,0.005614312055445058,73.04615384615384
71,SF3B4,66,0.8049272728620172,0.17944163164158505,0.6065268065268066,0.04420580109925151,0.5120481927710844,0.005435013289251209,71.9090909090909
72,SF3B6,98,1.5120417230293102,0.16934118037456253,0.44329896907216493,0.07698752751688591,0.5483870967741935,0.00565665622407214,75.74489795918367
73,SMNDC1,55,0.5316049806340835,0.22510685314048262,0.734006734006734,0.03624536081166132,0.49824150058616645,0.005698514724387529,70.85454545454546
74,SNRPA1,77,0.9817898743464586,0.17668102124298732,0.5184552289815447,0.05261472568316301,0.533249686323714,0.005693170091995901,71.94805194805195
75,SNRPB2,66,0.7603025129582959,0.1860318076951482,0.6116550116550117,0.04342554593698788,0.5233990147783252,0.005719507062117733,71.5
76,SNRPC,53,0.5002051618487362,0.2181590605794323,0.7561683599419449,0.03373363302469528,0.5005889281507656,0.005713726295622381,70.88679245283019
77,SRRT,59,0.586490425048305,0.19371828237682748,0.6610169491525424,0.038305452911092656,0.5208333333333334,0.005648458996090049,71.62711864406779
78,SRSF6,54,0.5091318693405272,0.21742591432774014,0.7645003494060097,0.0372628342778242,0.5151515151515151,0.0057185928987635495,76.92592592592592
79,THOC2,52,0.5061663331887662,0.21899101937364562,0.7594268476621417,0.03227806826644576,0.4941860465116279,0.005693645110923183,68.98076923076923
80,THOC3,45,0.3760988762704708,0.25697010431714634,0.9585858585858585,0.029205012136606135,0.4738015607580825,0.005714396165967706,72.37777777777778
81,THOC5,52,0.5038457087881385,0.21956151601515747,0.7383107088989442,0.03301245176965299,0.4913294797687861,0.005668060476754796,68.59615384615384
82,THOC7,48,0.4106304334913576,0.21981813835534414,0.8200354609929078,0.029290338607662537,0.4868270332187858,0.004901644934198123,69.20833333333333
83,TNIP2,94,1.4030830518855648,0.0590179944308125,0.16700983756577442,0.051321477062201484,0.5393401015228426,0.005401004600190897,51.90425531914894
84,TRA2B,58,0.580492805402406,0.21076713199609018,0.7174833635813672,0.04112516914520469,0.5151515151515151,0.0057038486295154555,77.6896551724138
85,USP39,57,0.6420130159836168,0.19694921225255435,0.6697994987468672,0.03547231086566,0.4947613504074505,0.005512493204822699,67.70175438596492
86,NCBP2,49,0.4282937255161041,0.2370302322228821,0.8673469387755102,0.03345677585616856,0.4941860465116279,0.005666210600992439,75.40816326530613
87,SRSF9,57,0.5650177724577468,0.2013036030684402,0.6629072681704261,0.035536144588686876,0.49649532710280375,0.005699625026145739,68.35087719298245
88,THOC1,50,0.48214258551519795,0.21824308388446947,0.7812244897959184,0.02920719531983503,0.476457399103139,0.005590807310667469,65.42
89,PPIL3,47,0.4033685855829905,0.22205195289018595,0.788159111933395,0.029361173811515876,0.4780652418447694,0.005716165145608283,69.12765957446808
90,RPL15,112,1.9077277940094617,0.186381416945011,0.4834298584298584,0.10888864037584493,0.5533854166666666,0.005647915588336341,79.02678571428571
91,NOP56,76,0.9226735366471778,0.17877955949560528,0.5578947368421052,0.07639189151170471,0.5286069651741293,0.005046488435441,81.23684210526316
92,NOP58,70,0.7985889439130944,0.2463671373615192,0.7366459627329193,0.07884478336994824,0.5005889281507656,0.005666169282069123,87.67142857142858
93,RBM28,63,0.6432809483675294,0.24526564724196287,0.815668202764977,0.07405099287460683,0.49303944315545245,0.00570090942411014,91.26984126984127
94,RFC3,13,0.07092662297408922,0.12437570275116044,0.5897435897435898,0.0108788900507287,0.4560085836909871,0.00638366274957328,86.61538461538461
95,RPL10A,82,1.0537556199592255,0.2422596051690091,0.7199638663053297,0.09374095142787849,0.5182926829268293,0.0057027070411561215,90.76829268292683
96,RPL12,100,1.5080457716494902,0.22165256656718216,0.6058585858585859,0.1081731100047433,0.5498059508408797,0.005681634296143469,87.96
97,RPL27A,83,1.0722043595510946,0.24049838043882535,0.6873347046723479,0.09494748555841485,0.5292652552926526,0.005661367558649856,91.08433734939759
98,RPS15,71,0.8169445855178561,0.2558600174886875,0.7955734406438632,0.0841588538237364,0.5011792452830188,0.005745908305320737,93.30985915492958
99,RPS17,70,0.7851034374575588,0.24892222773859551,0.8157349896480331,0.08404332980664635,0.5017709563164109,0.00572523085984392,94.58571428571429
100,RPS2,111,1.8766891467209486,0.22193728860705722,0.5495495495495496,0.115544902046526,0.5490956072351422,0.005657061927677345,84.06306306306307
101,RPS3,109,1.7607714288496648,0.19193418499043688,0.5062861026163779,0.10884143173424678,0.5584756898817346,0.005655190638238525,83.6697247706422
102,RRP1B,24,0.102048996220751,0.14602203359723218,0.4673913043478261,0.022616988599531315,0.46703296703296704,0.005848093213380692,86.29166666666667
103,S100A11,6,0.005615671381635623,0.18462469336981105,0.4666666666666667,0.005555605544443867,0.4492600422832981,-0.0014247466748647849,109.33333333333333
104,NOLC1,74,0.8666076389989364,0.2249551004023927,0.6819696408737504,0.0817912513812456,0.5272952853598015,0.005720375093055696,88.87837837837837
105,PARP1,39,0.26078582249914783,0.0627703013711668,0.2631578947368421,0.024912735279644424,0.5053507728894173,0.004553065945460793,64.48717948717949
106,PHF5A,48,0.3702901058781888,0.19318245967906308,0.6622340425531915,0.050625856788552505,0.48963133640552997,0.0057473488901881725,93.66666666666667
107,PLOD2,7,0.16564317759503996,0.3014212629012399,0.2857142857142857,0.004301309592682754,0.4224652087475149,0.007454304345933024,66.0
108,PRMT1,25,0.10190516397011153,0.07783407499917519,0.30666666666666664,0.01937802645938115,0.4947613504074505,0.004070715476100748,79.76
109,RANGAP1,11,0.047714132890641595,0.1072029784490083,0.2545454545454545,0.006186208496934957,0.4579741379310345,0.006081688767990687,67.36363636363636
110,RPL18A,104,1.6857941101064509,0.20425354469144805,0.5567587752053772,0.10750441618696867,0.5462724935732648,0.0054937030906723324,83.33653846153847
111,RPL21,94,1.359747304737945,0.2378595323048178,0.6700983756577442,0.10678843486600456,0.5345911949685535,0.005653082318986961,91.05319148936171
112,RPL30,87,1.18934694115589,0.23438476412389028,0.6642608928094093,0.09550274742138079,0.5182926829268293,0.005647913721798825,87.183908045977
113,RPL32,66,0.7018331561771711,0.26354685746734713,0.8657342657342657,0.08198237218517353,0.5,0.0057338500084119365,97.3030303030303
114,RPL35A,83,1.0864107791505981,0.2481048664083739,0.7264178665883044,0.09721014807024506,0.5164034021871203,0.005715277265508659,93.18072289156626
115,RPN1,62,0.5847416586290524,0.14635936061235427,0.5478582760444209,0.061550512559120064,0.5164034021871203,0.0054717477320491165,85.59677419354838
116,RPS11,83,1.0641306943430848,0.23053948018466658,0.694975022039377,0.09502613759108362,0.525990099009901,0.005714313554862509,93.51807228915662
117,RPS16,84,1.0870906567086542,0.23647489254894366,0.7068273092369478,0.09589101663377632,0.5292652552926526,0.005684856344224649,92.1547619047619
118,RPS25,59,0.5448119484572137,0.22235267546683848,0.7311513734658095,0.06795897763855216,0.5017709563164109,0.0056813749690414785,93.40677966101696
119,RPS29,65,0.7023470810529062,0.25454083522926635,0.8826923076923077,0.08081548658969981,0.4947613504074505,0.0057798275274887016,97.0
120,SMC2,14,0.3121837656169772,0.10166973546403528,0.45054945054945056,0.010741194420198852,0.4624591947769314,0.006753975008861378,83.92857142857143
121,SNRPD1,54,0.48389315392568677,0.13654997778087272,0.4640111809923131,0.04168125494004705,0.5114320096269555,0.005823852738681837,78.07407407407408
122,SNRPD2,57,0.571360001710109,0.1332817255589178,0.4699248120300752,0.04133133761565781,0.5120481927710844,0.005704929356726643,75.56140350877193
123,SSB,17,0.05786626456046225,0.10704282452646342,0.5073529411764706,0.0170250265584025,0.46600877192982454,0.005807032646223766,101.88235294117646
124,YAP1,46,0.4783834616055709,0.06294070125920818,0.2743961352657005,0.03468367662973691,0.49707602339181284,0.005067050371606756,66.91304347826087
125,ABCF2,12,0.060286007671207724,0.09109217756724852,0.3939393939393939,0.009057426680468168,0.4521276595744681,0.001863031129576703,77.75
126,ABCF3,5,0.013287057206004057,0.28483799968437107,0.6,0.00339803817150579,0.4284274193548387,0.005375628157394095,90.4
127,CDK9,109,1.764825471835257,0.09131736889762437,0.2854230377166157,0.08203055796174077,0.5512321660181583,0.005366806402784332,66.5137614678899
128,DDX3X,106,1.6547845645837285,0.1683581963848178,0.44564240790655885,0.08818657063588081,0.556282722513089,0.0055828737928267655,79.27358490566037
129,DKC1,30,0.14352734574902118,0.1299886800459585,0.4482758620689655,0.02482131139963801,0.4786036036036036,0.004063600041255961,73.16666666666667
130,FBXO7,44,0.47667421593540726,0.085252938364331,0.3488372093023256,0.03631390477470212,0.492468134414832,0.004194443347711621,70.86363636363636
131,FUS,46,0.3561202633944447,0.09957439539542351,0.4,0.03917639138065163,0.5071599045346062,0.005505019569721966,82.17391304347827
132,ILK,32,0.5417914225107545,0.04552404275927834,0.11088709677419355,0.013480328028852444,0.4738015607580825,0.0032579631458093256,42.9375
133,MOV10,152,3.0736728270390072,0.05378073464637615,0.2430289299407459,0.09895183048980696,0.5969101123595506,0.003808692350782548,60.98684210526316
134,CDC5L,178,5.65410573299777,0.0264141296486518,0.147781374976195,0.07966506343350441,0.6213450292397661,0.007278360738176741,44.342696629213485
135,HSPA5,66,0.7818058447036476,0.055705374881442345,0.2717948717948718,0.04381180030378618,0.5379746835443038,0.004803831798588877,66.77272727272727
136,ABI2,6,0.05776228850928273,0.38011047247455737,0.0,0.0023739859717381464,0.41262135922330095,-0.0019963301975476373,58.5
137,ENO1,53,0.8206846434186121,0.03857706765973868,0.31204644412191584,0.03703548691657646,0.5071599045346062,0.0031789628672812265,64.52830188679245
138,MRPL44,44,0.5712796521098124,0.31252972706987914,0.7008456659619451,0.022384529634208006,0.4796839729119639,0.005639974580961639,60.84090909090909
139,KHDRBS1,18,0.12439522189813518,0.0610893356493607,0.3006535947712418,0.011203569366468985,0.48295454545454547,0.00487891209874655,71.61111111111111
140,SDCBP,5,0.12588701675011701,0.590576295586978,0.0,0.0024653102053907956,0.3960857409133271,0.005103676981861616,52.2
141,NOC2L,12,0.023285401454923565,0.11491893895465989,0.6666666666666666,0.009257151790166354,0.443169968717414,0.0018550507642493613,77.5
142,POLD1,13,0.05518473182922922,0.10192141924093077,0.3333333333333333,0.00706752716309428,0.43103448275862066,0.006238499717104912,57.46153846153846
143,ACAA2,10,0.03936368927082099,0.1196955631014418,0.35555555555555557,0.005222240698854572,0.44549266247379454,0.006271021012987805,63.2
144,ALDOA,24,1.0325117997339688,0.14765306008936702,0.2246376811594203,0.009673181840718213,0.46909492273730685,0.005438505594289014,46.166666666666664
145,HNRNPA1,232,7.689410618945434,0.058471887370742964,0.19536497984773846,0.14458998356472075,0.6746031746031746,0.006841870679258229,55.68103448275862
146,HSPD1,109,1.7051733703413379,0.10413794382527665,0.3054706082229018,0.07431261837841531,0.571236559139785,0.004695085374913219,66.8440366972477
147,MSN,18,0.22831883521277546,0.08384035343159989,0.20261437908496732,0.007767095023232341,0.4564983888292159,0.0055425929990472,47.388888888888886
148,P4HB,22,0.144548809435475,0.06133339866722887,0.30303030303030304,0.013083791171372565,0.48350398179749715,0.005677495517238932,66.77272727272727
149,TAF15,17,0.05897872662696347,0.11205094665472205,0.5808823529411765,0.01732107546602023,0.46397379912663755,0.005887857765581536,102.94117647058823
150,SUB1,12,0.03938967974715668,0.10309443226831336,0.3181818181818182,0.008464480825545522,0.44642857142857145,0.006218628298006941,74.41666666666667
151,ZFR,10,0.06721146495340075,0.10287575095275413,0.5111111111111111,0.010564220621796273,0.46195652173913043,0.00629260022504506,113.8
152,UTP14A,20,0.08209828841733505,0.12824673061208716,0.3526315789473684,0.01366487590615321,0.45068928950159065,0.005711495420986397,66.2
153,TOP2A,27,0.1394671663528486,0.09394964321431586,0.31054131054131057,0.016589478661286,0.46195652173913043,0.005885747731511837,60.666666666666664
154,PRRC2A,5,0.006632086883716862,0.2055514417112014,0.8,0.005123570857076724,0.4354508196721312,0.006943453993878898,111.6
155,RFC2,15,0.2559237119431686,0.13018692721371183,0.3238095238095238,0.006078361626531392,0.4323499491353001,0.006598409124557364,42.266666666666666
156,RFC4,16,0.11553134538573807,0.1115667780239572,0.48333333333333334,0.011680422455797743,0.4560085836909871,0.006266717858720871,75.0625
157,RFC5,11,0.052131108076102446,0.13299876577371866,0.6,0.009022284508303061,0.4492600422832981,0.0064453910351290125,87.54545454545455
158,TRMT10C,8,0.008634600472989886,0.10666081075579166,0.6071428571428571,0.00834537649538891,0.4473684210526316,0.0006427896202185028,116.75
159,ACTB,72,0.8773758109929235,0.0960881274776428,0.39162754303599373,0.05805018012520556,0.5240443896424167,0.005367444413130484,73.06944444444444
160,ANXA2,45,0.31746168830039423,0.16966576564014738,0.702020202020202,0.044545484949674426,0.49649532710280375,0.005592951638217659,86.11111111111111
161,ANXA6,30,0.14995613294617863,0.1708735537704182,0.8367816091954023,0.029701060789215226,0.47117516629711753,0.005689775830581598,85.73333333333333
162,ARRB1,41,0.33683448628493473,0.09144390035123284,0.2890243902439024,0.029676954672770983,0.481859410430839,0.005675732070535322,65.46341463414635
163,CD81,42,0.39903770478949335,0.12577930882399024,0.46689895470383275,0.0409019033643185,0.4786036036036036,0.0055643560832155225,82.42857142857143
164,CLIC4,6,0.01233845671514417,0.19386944597034264,0.4666666666666667,0.004631366885567919,0.425,0.006785821265985493,82.5
165,DDX5,120,2.124608593154774,0.1531240461247338,0.3964985994397759,0.09492430741029462,0.5689424364123159,0.005570189361920175,75.21666666666667
166,DMTN,6,0.014931683983253504,0.27777008097628475,0.06666666666666667,0.00289735556982575,0.4187192118226601,-0.0016287719460082884,66.0
167,EEF1B2,48,0.362266214617215,0.16235283741703166,0.674645390070922,0.04904376797634517,0.5041518386714117,0.005599072760897729,92.0625
168,EIF4A3,121,2.1668542925244862,0.17256920127911582,0.4231404958677686,0.10261573206849059,0.5651595744680851,0.005641590974944051,77.71900826446281
169,ERG,27,0.11900111106620502,0.1304466721823904,0.5128205128205128,0.0264750598665325,0.4873853211009174,0.005739295303525678,93.37037037037037
170,FBL,122,2.367856179574765,0.1601086816617836,0.41362958948651946,0.11037965864480612,0.5599472990777339,0.005477365132318775,74.02459016393442
171,GSN,10,0.05936392546703448,0.13239131397829615,0.3333333333333333,0.005347604305984024,0.4468980021030494,0.004856465574598821,62.7
172,HNRNPU,130,2.537007420704012,0.15854935465122796,0.3527728085867621,0.10989227860273083,0.5644090305444888,0.005672754517519245,71.96153846153847
173,HSP90AB1,109,1.6423497690838138,0.14971543840110746,0.44274549779136935,0.09989088268223816,0.5636604774535809,0.0054828527394520585,78.53211009174312
174,ICAM1,36,0.2540686380487464,0.16769243533402758,0.580952380952381,0.03952194207138867,0.4649890590809628,0.005891777599807652,91.25
175,IVNS1ABP,21,0.05898411636547575,0.09410193886789976,0.35714285714285715,0.016618931161028506,0.48405466970387245,0.003789986866311443,77.19047619047619
176,LARP7,182,4.737972003145854,0.12073019220982754,0.2643433914152146,0.13300627186953762,0.6222547584187409,0.005583124157241492,64.71978021978022
177,LMO7,8,0.015374370737987468,0.13087956385658153,0.32142857142857145,0.005322455723587272,0.44132917964693663,0.00652916638952554,78.0
178,NTN4,3,0.005221849891446734,1.018571191038023,0.0,0.0019165145417671511,0.397940074906367,-0.012371842421979376,94.66666666666667
179,MEPCE,160,3.765147432542173,0.12029941492529996,0.2608490566037736,0.11657523668596811,0.592747559274756,0.0055845437306780805,63.9
180,NUDC,9,0.04764817803938255,0.13387172676859763,0.19444444444444445,0.004931835094913551,0.44549266247379454,0.005077660808001523,64.44444444444444
181,PAPOLA,9,0.07344280035550596,0.1977192217510912,0.3055555555555556,0.004489668254587508,0.43724279835390945,0.005265348636905504,59.22222222222222
182,MME,37,0.21830374970284133,0.195740052617387,0.8273273273273273,0.03956155211623833,0.4786036036036036,0.005654837991947654,90.54054054054055
183,TLN1,8,0.028284086023435157,0.17435715305513777,0.39285714285714285,0.005319772579901758,0.4555198285101822,-1.0521369554271614e-05,86.875
184,PARVA,9,0.1666176139393927,0.29396441175112936,0.3888888888888889,0.0037149431006852115,0.425,0.005725674941587291,47.77777777777778
185,RCC1,13,0.04274525099361457,0.08302247574394506,0.28205128205128205,0.007218109414702222,0.4521276595744681,0.0023076851426333464,65.53846153846153
186,ROCK2,6,0.04895106581338557,0.2895660195953547,0.5333333333333333,0.0034449178988454543,0.41954590325765057,0.007209543761336238,71.0
187,OS9,8,0.049308319551057356,0.20155949915967952,0.25,0.002576551840089813,0.3927911275415896,0.006245807049403065,35.875
188,PPIB,20,0.42870080510912956,0.09058375851219723,0.10526315789473684,0.007178350541384783,0.4594594594594595,0.00523880840056428,41.8
189,TPM3,16,0.08018647907539697,0.07190695545287706,0.20833333333333334,0.008074637591503802,0.4560085836909871,0.0023081468429103765,60.125
190,SYMPK,15,0.14173253832938687,0.1193133912168077,0.23809523809523808,0.00452293577874411,0.4390495867768595,0.006363777836091934,39.266666666666666
191,SAFB,22,0.14142174250825684,0.0952448040558628,0.26406926406926406,0.012546125920714227,0.4649890590809628,0.005637812495638142,60.86363636363637
192,ARRB2,65,0.6545638877452874,0.12967734177545492,0.37115384615384617,0.05615780133280908,0.504750593824228,0.005681757712813394,75.2
193,FHOD1,5,0.04527470364748633,0.48392645579630633,0.3,0.0019866044240042517,0.40669856459330145,0.007977038680065194,58.8
194,HEXIM1,151,3.0440869313547063,0.10712289576106504,0.2692273730684327,0.11196449714140859,0.6036931818181818,0.005318357680746951,65.84105960264901
195,PXN,13,0.23675160835055978,0.217099847571839,0.1282051282051282,0.00408654288860419,0.4336734693877551,0.0003367921781893021,41.92307692307692
196,RBMX,50,0.5301583676869617,0.12524787957640057,0.47020408163265304,0.0352984040638213,0.5089820359281437,0.005873945501220227,74.82
197,HNRNPAB,21,0.06880062275559491,0.07856793704106173,0.4238095238095238,0.018480643957148248,0.49303944315545245,0.0037556184794874333,96.76190476190476
198,LIMS1,9,0.1663831172505271,0.2965567846017462,0.3888888888888889,0.0039566210398345215,0.43191056910569103,0.005730301480296442,56.333333333333336
199,LRPPRC,47,0.3320342302938416,0.11972931664685099,0.6049953746530989,0.04419318351489086,0.5120481927710844,0.00443515548968343,85.44680851063829
200,SLC25A6,42,0.33659151509436064,0.15461411172323936,0.6469221835075494,0.04578097750716698,0.48405466970387245,0.005577993033776969,93.57142857142857
201,PNN,31,0.1665042288911206,0.17646896187978667,0.7397849462365591,0.024507303622125835,0.49019607843137253,0.005923978758615375,84.87096774193549
202,SFN,34,0.21221913802036685,0.12830807855908927,0.39037433155080214,0.030211794167290782,0.4644808743169399,0.005776058903357873,75.05882352941177
203,SUMO1,13,0.05386166536491711,0.09151619158314425,0.24358974358974358,0.007167278157137394,0.4354508196721312,0.0059630848032111395,60.30769230769231
204,PABPC4,25,0.13818447978278553,0.11604402965277029,0.44666666666666666,0.02423785488768428,0.4748603351955307,0.005882595512287715,94.0
205,RIF1,11,0.039306868756184915,0.09927331417571154,0.16363636363636364,0.005337525304641808,0.43950361944157185,0.005898548807230081,54.09090909090909
206,PALMD,1,0.004137763955852163,9.66789367394821,0.0,0.00019101024351210634,0.3405448717948718,-0.3949604577902307,79.0
207,PRKDC,45,0.4664238253163158,0.08123595693153675,0.3575757575757576,0.032322722040941665,0.5065554231227652,0.005966538533655196,73.22222222222223
208,SMC4,11,0.05224917389515486,0.11481679122472409,0.4727272727272727,0.007688277096198123,0.45405982905982906,0.006126538286685446,83.81818181818181
209,PARVB,4,0.04633671878745152,0.9561249321247156,0.8333333333333334,0.0012792376050032007,0.3942486085343228,0.007133551331420032,57.0
210,PAWR,8,0.10206987396160387,0.2888183920986243,0.32142857142857145,0.003005154513493202,0.41913214990138065,-0.002614114615975428,49.875
211,ACTR1A,10,0.031225707836267363,0.10948465481131994,0.4666666666666667,0.008111744675297275,0.46145494028230183,0.005761051173729272,100.0
212,CAPZA2,25,0.3811489155091815,0.08365900723997541,0.14,0.007087337978787246,0.4417879417879418,0.0053799890748071864,31.28
213,DCTN2,12,0.03746699926181035,0.0853284591259664,0.42424242424242425,0.009203897757094952,0.4807692307692308,0.0027273775654855746,92.58333333333333
214,PDCD11,7,0.009802331952197598,0.1361331487742443,0.8095238095238095,0.00965735925158064,0.4427083333333333,0.0065311109361524886,140.0
215,ADAR,12,0.033181015316180666,0.11211748832009433,0.42424242424242425,0.009426990890164232,0.45405982905982906,0.006180473142696843,82.83333333333333
216,EED,101,1.558024672099021,0.11230089766540809,0.26831683168316833,0.0736951272625631,0.551948051948052,0.005292722423669862,64.38613861386139
217,HNRNPM,106,1.5980436232008508,0.1667951751478425,0.45031446540880504,0.10025583226197494,0.5644090305444888,0.005303800254055569,82.51886792452831
218,ILF3,126,2.3753991441085454,0.1590349807361699,0.39580952380952383,0.11284875781347103,0.5720053835800808,0.005581137726366243,76.30952380952381
219,ADARB1,5,0.01722890037007668,0.2324360233296875,0.3,0.003943881947310657,0.42204568023833167,0.007057493674977095,82.0
220,BRIX1,64,0.6996864310199384,0.25219069401134264,0.8209325396825397,0.07599837747284924,0.49361207897793263,0.005733193301954149,91.96875
221,PFKM,17,1.2298380739755088,0.5354057869619433,0.11029411764705882,0.003238749905412092,0.4422476586888658,0.006696329077389379,30.647058823529413
222,PKM,30,0.17771105901253426,0.05475848955092585,0.25287356321839083,0.018339646556061268,0.492468134414832,0.0057393550536491015,64.13333333333334
223,PRRC1,6,0.10990196960614299,0.6602135158694828,0.13333333333333333,0.003177005776986856,0.5035545023696683,-8.275353547315331e-05,88.33333333333333
224,UBTD1,2,0.015213866518808284,3.135316213826626,0.0,0.0001461188409225125,0.32642089093702,0.012066469037795145,18.0
225,VSIG2,6,0.09908840940175255,0.615762238432229,0.0,0.0005922556932128329,0.35774410774410775,0.00711609081702381,15.833333333333334
226,TRAP1,34,0.20254119530158174,0.08447450395782743,0.3422459893048128,0.0210413715815872,0.4885057471264368,0.005738029382489962,67.02941176470588
227,RANBP2,19,0.39332707698137764,0.08547258386014003,0.22807017543859648,0.008276903355884645,0.4560085836909871,0.006370915250118769,50.1578947368421
228,TGFBR2,13,0.1848206319012861,0.1413703195894595,0.11538461538461539,0.004914938733604212,0.4390495867768595,0.005950077629057041,41.84615384615385
229,PLOD1,3,0.027426005125231925,0.7883710102787841,0.6666666666666666,0.0035769178288002973,0.4183070866141732,0.009543872192361642,140.33333333333334
230,ZC3H18,21,0.11658012170254493,0.12162106138205486,0.36666666666666664,0.011239164514144686,0.46346782988004365,0.005898902824947981,63.23809523809524
231,PNO1,13,0.032748738095802477,0.17473620015814387,0.7948717948717948,0.016703895985900902,0.43500511770726713,0.006135586808262423,110.38461538461539
232,POLDIP2,7,0.0071876981050826,0.13828341484403706,0.5714285714285714,0.006838247885820986,0.45116772823779194,-0.0005942493793248101,111.85714285714286
233,AGR2,10,0.2256428083532752,0.34086439502205595,0.2,0.0015959975868566915,0.36701208981001726,0.003494496050591137,17.1
234,ALDH18A1,11,0.041632334343950354,0.10541926869769849,0.38181818181818183,0.007959872646453143,0.45846817691477887,0.0016176441810131902,84.36363636363636
235,ARCN1,8,0.06720263132132225,0.21455041217565274,0.6428571428571429,0.005867023305039255,0.43500511770726713,0.006165528683912353,82.25
236,ARF4,7,0.03950605745923021,0.24978147265135817,0.23809523809523808,0.0035894674122929062,0.4332313965341488,0.004997656424270042,63.0
237,COPA,59,0.5527257628551601,0.16460673072798276,0.6715371127995324,0.06466240031231889,0.5182926829268293,0.00495446594584116,92.83050847457628
238,GOLPH3L,3,0.01722084364857781,1.3691990222762027,0.0,0.0014668329660680586,0.393154486586494,-0.012220357787318191,80.33333333333333
239,LDHA,20,0.29815742886891217,0.07950896473666164,0.29473684210526313,0.009968022191336192,0.47117516629711753,0.0037185858313066467,56.15
240,VKORC1,4,0.0505939517976355,0.8433453761568939,0.0,0.0008078243009625867,0.35505430242272346,0.0031958552834587955,24.75
241,ZC3H11A,8,0.021899073205474982,0.20579071376556068,0.39285714285714285,0.0025744360179922646,0.37117903930131,0.006256311898364356,43.5
242,COPB2,13,0.11115560551888098,0.11444803006650588,0.3076923076923077,0.0074117904188012755,0.4594594594594595,0.0056544073424549535,67.53846153846153
243,COPG1,8,0.0686716671265923,0.23702075890547222,0.5714285714285714,0.004593318223833294,0.4142300194931774,0.005936058306303255,65.625
244,PPL,2,0.003153906300416821,1.240245978433909,1.0,0.002516597918541957,0.41023166023166024,0.011295414339733408,150.0
245,AKAP8,8,0.0122637908618618,0.11526250133786298,0.5714285714285714,0.006835428097308473,0.47433035714285715,0.00636322711130451,106.375
246,MCM2,117,2.0623715843542048,0.08329041658199783,0.28426171529619804,0.08733679647008667,0.5599472990777339,0.005382530186947284,62.35042735042735
247,AKAP8L,4,0.006230568760471658,0.5890267448115885,0.5,0.002145836045296261,0.4009433962264151,-0.006549964897298774,81.25
248,STRAP,10,0.02580833307086253,0.10004922221174886,0.3111111111111111,0.006936015673077331,0.4564983888292159,0.0061755417436591825,79.7
249,SRP54,8,0.03450146615066329,0.1604932005732801,0.6071428571428571,0.005574528499670212,0.4336734693877551,0.006947872165342782,77.375
250,ALDH9A1,3,0.011506960281757052,1.5599442451189311,0.3333333333333333,0.0004402318814309866,0.3610875106202209,-0.011330315670751056,41.0
251,CDC73,42,0.3014507804505454,0.06795641423147507,0.2694541231126597,0.027193514435244735,0.5023640661938534,0.0056805722673183,62.11904761904762
252,CKMT1A,7,0.06498431706479026,0.24947664322042856,0.3333333333333333,0.004302217811613982,0.42885973763874874,0.006333896862613225,67.28571428571429
253,FBP1,3,0.17297636721789297,3.652433024119991,1.0,0.00016594140367209848,0.3386454183266932,0.011205469429874243,14.666666666666666
254,FBP2,3,0.17297636721789555,3.6524330241199876,1.0,0.0001659414036720915,0.3386454183266932,0.011205469429875645,14.666666666666666
255,GLO1,3,0.013361589095898668,1.085036193454191,0.6666666666666666,0.002048512261974566,0.41382667964946446,0.0073902826569884825,90.33333333333333
256,HSPE1,15,0.22198219477562517,0.11610949500639964,0.23809523809523808,0.007180470209793012,0.46195652173913043,0.0031131282726072143,58.46666666666667
257,JUP,25,0.14872191914095584,0.09485060632310825,0.4,0.02118694014299448,0.4644808743169399,0.005942889598686587,73.72
258,UMPS,5,0.13156546822175072,0.47965205453017934,0.1,0.00343961101537466,0.43059777102330293,0.008103044330007102,84.4
259,ALYREF,76,0.909583600979512,0.18119748759888304,0.5407017543859649,0.055190914041039145,0.5339195979899497,0.00561808009854828,75.98684210526316
260,BUD31,50,0.48897397606153553,0.2365065106948558,0.8048979591836735,0.031407503845813964,0.4796839729119639,0.0057377990670562165,68.52
261,CWC22,54,0.5149122124003878,0.23593540715874228,0.8280922431865828,0.03724441374736446,0.5120481927710844,0.005727499628706615,75.68518518518519
262,HSPA9,34,0.2732014411908973,0.055238621990719446,0.33868092691622104,0.02451572471643123,0.5059523809523809,0.0034349962322577938,75.38235294117646
263,IGSF8,38,0.24838027352170416,0.17483704214317441,0.5675675675675675,0.040143972622362516,0.46703296703296704,0.0058379802282769525,87.52631578947368
264,MFAP1,48,0.42303759828776366,0.23535725928030266,0.8599290780141844,0.031170095855970283,0.4862700228832952,0.005727921431972277,71.83333333333333
265,VTN,17,0.061317403935666065,0.14671363336031973,0.5220588235294118,0.01183423861951723,0.44831223628691985,0.005880577715948968,74.82352941176471
266,CPSF6,56,0.5711612566062595,0.19940926855136099,0.688961038961039,0.034467340869114294,0.5157766990291263,0.005729327314884154,68.96428571428571
267,DDX23,61,0.6385282116126334,0.2156329594222049,0.7142076502732241,0.044039135809591276,0.5170316301703163,0.005735264550322163,76.93442622950819
268,DDX39A,16,0.15923928364318438,0.08986365791093337,0.31666666666666665,0.00911611544358291,0.45116772823779194,0.004100543652822121,65.5
269,HTATSF1,51,0.46061899949265916,0.23257543135983053,0.8211764705882353,0.035893488239975235,0.4988262910798122,0.0057020898426295005,77.19607843137256
270,IGF2BP3,83,1.076974298389278,0.19693531706501224,0.5615633264766383,0.07522123957069861,0.5345911949685535,0.005676228263093575,85.28915662650603
271,LUC7L3,56,0.5077385633060159,0.2037219354382459,0.7155844155844155,0.03608793829141656,0.5095923261390888,0.004918096216561321,72.10714285714286
272,TPBG,7,0.017895812085030785,0.21161934072112068,0.5714285714285714,0.0037096789742899717,0.4063097514340344,0.006406597809772848,68.85714285714286
273,AMOTL1,8,0.08666257305064602,0.3010571088263482,0.21428571428571427,0.002809940699082565,0.4258517034068136,-0.0015530307175593595,54.125
274,HECW2,14,0.09929262470129557,0.0766265191415915,0.03296703296703297,0.005705502939714931,0.4142300194931774,0.004603408321496097,37.357142857142854
275,APC,19,0.26931013236884876,0.07246996634517928,0.1111111111111111,0.007511886550525012,0.4502118644067797,0.005951697652424004,40.78947368421053
276,MPDZ,4,0.0236040681523424,0.8465752835158967,0.3333333333333333,0.001136688797757137,0.37677304964539005,-0.00845442091649494,46.5
277,PURA,12,0.0391717206427436,0.10486264578471563,0.4393939393939394,0.011421325143471776,0.4502118644067797,0.006369236503214205,98.41666666666667
278,SEC24D,3,0.011964331004207327,1.2949823832793093,0.3333333333333333,0.0008037780273991679,0.37215411558669004,-0.012955560918217993,52.666666666666664
279,RAB5B,7,0.04220440650207288,0.20394116968409826,0.2857142857142857,0.004268075800335227,0.43103448275862066,-0.0004572195330214729,74.42857142857143
280,RAP2A,2,0.004285566070072145,2.2119614263794136,0.0,0.0014465818077346935,0.39026629935720847,-0.02673166503129729,115.5
281,TUBA1C,17,0.04900449909708636,0.09345792124888326,0.39705882352941174,0.015135749720838563,0.4738015607580825,0.005911393466430893,94.94117647058823
282,EIF6,34,0.23612411233620095,0.06937959260164907,0.24598930481283424,0.023389417922044523,0.46703296703296704,0.004222471973472899,58.35294117647059
283,HMGA1,10,0.03452651486394757,0.10541847112363581,0.26666666666666666,0.006541307916081236,0.4358974358974359,0.005640260222260286,67.3
284,MCC,24,0.18930267149307983,0.055188880989789746,0.13768115942028986,0.009862113363807854,0.43724279835390945,0.005230471469726373,38.666666666666664
285,MCM5,60,0.5359329817522582,0.14934404302430282,0.4887005649717514,0.057847368005399254,0.519559902200489,0.0055997283021737895,82.05
286,ANXA5,7,0.011784388855381354,0.15265695020836734,0.47619047619047616,0.00496229547550328,0.434560327198364,0.006558265640951319,83.0
287,MSH2,14,0.09936020615533961,0.09936762160360434,0.2087912087912088,0.007124279440806986,0.4408713692946058,0.005976648914442148,54.642857142857146
288,YTHDC1,10,0.030915726804063764,0.13127771968253063,0.5777777777777777,0.006585875953857731,0.4376930998970134,0.0063147628799024,74.1
289,YBX3,21,0.0942607568372616,0.09094456509633835,0.3047619047619048,0.016373750350988838,0.47117516629711753,0.006035974227906598,81.04761904761905
290,MACF1,11,0.033535431426163886,0.09284060255222362,0.23636363636363636,0.00722315513420136,0.45405982905982906,0.0061959834809465816,78.27272727272727
291,MRPL18,40,0.5042306422729503,0.3559253898415316,0.7487179487179487,0.019892877015288826,0.4753914988814318,0.005887418597405687,58.6
292,GOLGA2,15,0.33596180278755267,0.10190647219994027,0.13333333333333333,0.0051432554576803634,0.4332313965341488,0.005640473292581001,42.06666666666667
293,KALRN,3,0.00912431384000947,0.9302181946676784,0.3333333333333333,0.0012522054097831787,0.390625,0.009128030557253884,73.66666666666667
294,ROCK1,6,0.08728173946649083,0.383023546664567,0.4,0.003060633827328861,0.4166666666666667,0.00760134058476402,61.666666666666664
295,APEH,7,0.03663945163711418,0.3472160885226306,0.38095238095238093,0.002580657718204205,0.4059216809933142,-0.0015460414779322439,56.42857142857143
296,APOB,3,0.010297049215267149,0.9953482300189535,0.6666666666666666,0.000824437443595126,0.35684298908480266,0.007409491979736255,36.0
297,HSP90B1,22,0.24963820291342362,0.05942679474980374,0.2510822510822511,0.013983918728144471,0.4769921436588103,0.0053908761856218245,71.86363636363636
298,SFXN1,13,0.17598044584499845,0.11168639855373336,0.16666666666666666,0.00636427232727502,0.45454545454545453,0.0003626605017692539,55.0
299,SRP72,14,0.035972122035121755,0.12833883508616734,0.7582417582417582,0.01674921277048506,0.4786036036036036,0.006211472928646985,122.78571428571429
300,TRMT1L,11,0.030769868389156352,0.11112554262373815,0.6,0.012359016723221716,0.4560085836909871,0.005913980265155458,115.9090909090909
301,YTHDF2,7,0.14579450278829661,0.20539877515392416,0.47619047619047616,0.007291647172929303,0.44132917964693663,0.007506758192633723,108.42857142857143
302,EIF4B,44,0.31031469303262527,0.16596494535868528,0.49471458773784355,0.043051489842918664,0.48405466970387245,0.005654857885430087,83.4090909090909
303,H1FX,41,0.2876933017611557,0.25687853662975174,0.8902439024390244,0.04869867209525313,0.46397379912663755,0.005828571555924024,91.21951219512195
304,HDLBP,5,0.006926554587479214,0.2099786616501562,0.3,0.0045415014947448725,0.43103448275862066,0.00687559261862725,99.0
305,MAPK3,19,0.18537080819704352,0.08751978894735049,0.19298245614035087,0.007182429544887741,0.43724279835390945,0.005820097210575997,41.26315789473684
306,MAPK1,23,0.232100048716317,0.0693529291103934,0.2134387351778656,0.009809665784166779,0.4492600422832981,0.005642805650930199,45.78260869565217
307,EEF2,84,1.0903914632438445,0.2219700301744353,0.6640849110728628,0.09315490121768412,0.5221130221130221,0.005679653184954248,89.04761904761905
308,MCM3,14,0.05969699781485864,0.09277344407109993,0.25274725274725274,0.006632328273821622,0.4427083333333333,0.0059825517860493185,53.57142857142857
309,BIN3,2,0.004006779415335027,2.038901032174565,0.0,0.0013336323431472994,0.38322813345356177,-0.025360237082112835,90.0
310,BMS1,4,0.004312876203724012,0.3897843617631209,0.3333333333333333,0.00399654150822769,0.4122211445198836,-0.005325947225422542,103.5
311,DDX21,82,1.0198592307681418,0.20858170188134434,0.613670581150256,0.08673297073242026,0.5272952853598015,0.005615499538978778,86.59756097560975
312,DDX24,31,0.14362578445078478,0.13985231392094186,0.5182795698924731,0.029649376313973182,0.4716981132075472,0.004170551803701372,82.70967741935483
313,GNL3,95,1.394469532899405,0.23039740850555362,0.6210526315789474,0.10293187601031742,0.5339195979899497,0.005603384594685113,86.77894736842106
314,FTSJ3,29,0.16222145699317042,0.1646926080885854,0.5985221674876847,0.027373110335530505,0.47433035714285715,0.005535555910818522,83.89655172413794
315,BZW1,12,0.0298086113804848,0.13077990180785726,0.6818181818181818,0.008071918088876945,0.42972699696663297,0.006162563384995618,73.58333333333333
316,C3,1,0.002534225548757844,5.261043935734136,0.0,0.001834661076370646,0.4032258064516129,0.08249326453246061,232.0
317,CA5B,1,0.004137763955852676,9.667893673948212,0.0,0.00019101024351210892,0.3405448717948718,-0.39496045779028305,79.0
318,CAPN2,5,0.04913259779215567,0.5772398234674729,0.2,0.0021563383471102896,0.41382667964946446,0.007583620736790329,59.6
319,CAPRIN1,10,0.019528408831025676,0.10122029485174483,0.4222222222222222,0.01021472178583989,0.44878563885955647,0.005870309907040639,109.1
320,LIMCH1,3,0.09220989830908151,2.0933924136031288,0.0,0.0001753633721209,0.32492354740061163,0.008766384805825693,14.666666666666666
321,FHL2,7,0.026917374823517748,0.26165532244526524,0.3333333333333333,0.003349990825675286,0.40865384615384615,0.006343212742949016,56.0
322,TMOD2,6,0.023098940239686554,0.30274884944321034,0.13333333333333333,0.0020492547324105267,0.3994360902255639,-0.0020012920626184816,45.666666666666664
323,SARDH,3,0.10769828134681038,3.033773419668589,1.0,0.0002454826278302027,0.3446877534468775,-0.027666260499709813,31.0
324,CCDC58,3,0.01229347164705461,1.3254128513239716,0.6666666666666666,0.0005828377215833595,0.36201022146507666,-0.013903331914947716,42.0
325,CRIP1,5,0.06289031468155798,0.4349706479335222,0.3,0.0025961753340600535,0.40904716073147257,0.007965153268979794,59.8
326,STK10,5,0.009232589023820644,0.36271863442416846,0.2,0.002715332441718556,0.4199604743083004,-0.0030470202838632048,77.0
327,EIF4A1,15,0.03754297353629253,0.10779370731146684,0.47619047619047616,0.013753664843824608,0.4624591947769314,0.005879138525372166,93.53333333333333
328,CSE1L,13,0.0774331556652598,0.0882530293245886,0.3717948717948718,0.008731372002148447,0.4550321199143469,0.006107723691741402,70.92307692307692
329,CSTF3,11,0.10023350900663743,0.15541631539443698,0.45454545454545453,0.006643973982531403,0.4706533776301218,0.0065319730784938745,77.63636363636364
330,DDX47,47,0.3551381720443216,0.21609278859607872,0.8223866790009251,0.055841107116235966,0.49361207897793263,0.005686440918632091,96.93617021276596
331,DSP,12,0.04630323036948086,0.08749114610360095,0.5,0.010186171821589117,0.47752808988764045,0.005794872933560519,98.5
332,EHD1,3,0.07035635859644614,1.3193501310085578,0.6666666666666666,0.001448893560937491,0.3867151956323931,0.01096438165371641,75.66666666666667
333,EHD4,4,0.12470533881725358,0.9397109384401425,0.3333333333333333,0.002199787838772361,0.41262135922330095,0.009593233809945308,77.75
334,EIF2S2,13,0.0503517704709283,0.10230353418132461,0.2564102564102564,0.010344584447465926,0.44783983140147526,0.005765644706569785,74.53846153846153
335,EPS8L2,2,0.003007125912696265,1.2037166032145334,0.0,0.002455705728283278,0.40786948176583493,0.011939692849986775,142.5
336,ERAL1,6,0.015079081133480943,0.19253496454217278,0.5333333333333333,0.004559853761782887,0.4408713692946058,0.006853459310413725,94.16666666666667
337,GMPS,4,0.00484520794466097,0.3222722774879565,0.6666666666666666,0.0038031196615227487,0.4224652087475149,0.007444253530102362,118.25
338,GULP1,2,0.008731969836936358,1.8448193358003833,1.0,0.0011471392295322683,0.38531278331822305,0.01295764742556556,96.0
339,HLTF,3,0.005295238247400408,0.6335549610916691,0.3333333333333333,0.0022850179699625507,0.40904716073147257,0.008817255499256119,104.0
340,HOOK1,1,0.0025822250021082216,6.0499645438352125,0.0,0.0010108472760329648,0.3835740072202166,0.0877560781085164,178.0
341,HSPA12A,1,0.0025822250021082342,6.049964543835248,0.0,0.0010108472760329652,0.3835740072202166,0.08775607810851185,178.0
342,IPO9,16,0.059978232318685334,0.1061422483127761,0.5,0.013019820067014,0.46346782988004365,0.0058115455066556874,76.5625
343,LAS1L,42,0.2805649708549462,0.23408870085760006,0.9465737514518002,0.05314571563761357,0.4885057471264368,0.005698311808272828,103.02380952380952
344,LGALS3,12,0.07739766382217558,0.0954925331068843,0.2878787878787879,0.007995061639730608,0.4376930998970134,0.006406913753079195,66.33333333333333
345,MCM4,35,0.20203569434722815,0.16836115290213424,0.6168067226890757,0.037711101599558906,0.4791431792559188,0.005588366246997026,90.0
346,MRPL40,36,0.45678005787723536,0.41839017040476667,0.8904761904761904,0.016464840625696375,0.4644808743169399,0.005969411595468318,57.22222222222222
347,PCBD2,3,0.00413980324156207,0.5554223888735295,0.3333333333333333,0.002903529772783049,0.41954590325765057,0.008187443608472893,116.0
348,SH3D19,5,0.07366538842310187,0.6184149662679251,0.0,0.0021042027516840717,0.402081362346263,-0.00420850221728495,62.0
349,USP6NL,1,0.004137763955852459,9.667893673948196,0.0,0.00019101024351210737,0.3405448717948718,-0.39496045779027744,79.0
350,WDR81,3,0.005221849891446775,1.0185711910380169,0.0,0.001916514541767154,0.397940074906367,-0.012371842421979216,94.66666666666667
351,STAB1,1,0.0025822250021082047,6.049964543835207,0.0,0.001010847276032965,0.3835740072202166,0.08775607810850664,178.0
352,TLN2,2,0.0030200885381786186,1.2940764941871306,1.0,0.002153469375668161,0.4005655042412818,0.011609361783231034,139.5
353,XPO5,6,0.03940687730623775,0.2060724814875275,0.6,0.005740944899935178,0.4555198285101822,0.006723012075067956,114.66666666666667
354,FEN1,8,0.03532103770188353,0.16432934938323546,0.35714285714285715,0.005221483827820889,0.49189814814814814,0.0010598068207278138,91.875
355,MSH6,8,0.055262962620036354,0.22951643855825843,0.42857142857142855,0.003541152896078598,0.42799597180261834,0.006202626843816568,55.25
356,MRPS15,65,0.9325613388135435,0.25125653818084215,0.5836538461538462,0.05276746068343764,0.49533799533799533,0.005790778214027634,77.67692307692307
357,EEF1G,25,0.21477733115592462,0.07658640808485381,0.30666666666666664,0.01838707342900057,0.47752808988764045,0.005720634129717694,77.52
358,FIP1L1,12,0.11436244078144406,0.1597383658721066,0.36363636363636365,0.004718741507237905,0.43950361944157185,0.006451953513118704,50.166666666666664
359,GTF2F1,12,0.03253763361603755,0.09667289854195166,0.3787878787878788,0.009731866633599106,0.4564983888292159,0.006012671019151708,87.25
360,HSPA2,13,0.04283276854225978,0.08736671926023694,0.46153846153846156,0.010596666299985692,0.46296296296296297,0.005055418334660442,88.07692307692308
361,HP1BP3,16,0.06402282864889793,0.09015222427513322,0.275,0.012006297789530013,0.45995670995670995,0.0034210970418232043,75.8125
362,MRPL41,44,0.6637423647218925,0.3528686137920764,0.7103594080338267,0.021700588719708765,0.47433035714285715,0.005892592066763145,59.09090909090909
363,MRPS27,72,1.0697398407296008,0.23341047757669586,0.5571205007824727,0.059539844883501454,0.5151515151515151,0.00573179377037669,79.27777777777777
364,LARP1,25,0.10522033541308287,0.18883902516027443,0.73,0.030686441814134942,0.47013274336283184,0.0057900716382394725,106.88
365,MTHFD1L,10,0.3842479768401229,0.42243098653461825,0.2,0.0031163792486084666,0.42120911793855303,-0.005129410982780086,41.9
366,CISD1,3,0.008107400184203245,0.8018320835482488,0.3333333333333333,0.0012006268556605862,0.35066006600660066,0.007835783408923339,41.0
367,COL4A3,2,0.004285566070072208,2.211961426379411,0.0,0.0014465818077346953,0.39026629935720847,-0.026731665031297782,115.5
368,DHX36,65,0.6560606211516673,0.1977376289394976,0.7019230769230769,0.07306826274142077,0.5132850241545893,0.005592750028242953,95.0
369,MRPS22,67,0.9252970115999886,0.23868489356360476,0.5793758480325645,0.05387261149529529,0.5157766990291263,0.005197307719070278,77.56716417910448
370,CPPED1,2,0.012091670060180387,2.4699456339319434,0.0,0.0011492872833182702,0.36732929991356955,0.011153780986415077,67.0
371,MSI2,6,0.05412054271615215,0.19553683137208627,0.6666666666666666,0.006815898673626393,0.4358974358974359,0.007374193857498222,124.33333333333333
372,CSTF1,7,0.047006029351389055,0.2998278902436416,0.5238095238095238,0.003218660250360598,0.43016194331983804,0.006983093291244809,61.285714285714285
373,CTSD,6,0.03473609383499145,0.300928045644482,0.13333333333333333,0.0026180407759717004,0.423728813559322,0.004913083441185904,57.5
374,CUTC,4,0.19594463252599836,1.7538824817175942,0.0,0.0006547206452563778,0.3495065789473684,0.0062814425435595515,14.0
375,HIST1H1D,31,0.16549087235387003,0.25678657884431666,0.9956989247311828,0.03935329216510349,0.458963282937365,0.005858076590694764,98.6774193548387
376,FAT4,3,0.008972675135327787,1.1642616656053433,0.0,0.000776614767247452,0.37085514834205935,-0.01223172724486538,49.333333333333336
377,GTF2I,15,0.06030189536911657,0.0908446011059934,0.38095238095238093,0.01262384711933639,0.45748116254036597,0.006151711946977843,87.46666666666667
378,MRPS2,59,0.8378708596272377,0.2601520612801692,0.6072472238457043,0.044718681667040336,0.4890678941311853,0.00582262539866538,75.10169491525424
379,MRPS23,64,0.9095770783591582,0.2525920378740102,0.595734126984127,0.05172610708261967,0.5053507728894173,0.005760293791000756,78.390625
380,MRPS5,68,0.9939846700479483,0.24927069195098148,0.5992098331870062,0.05778928045518439,0.5095923261390888,0.00575343588597825,80.77941176470588
381,DNTTIP2,2,0.0030013449872832105,1.1007535946393185,1.0,0.0032352370937823744,0.4118217054263566,0.01137574792083421,177.0
382,DYNLL2,3,0.003976266365862988,0.8390810999179126,0.0,0.0022342984107946978,0.4063097514340344,-0.010601460182221703,99.0
383,EFEMP1,5,0.00932666083213581,0.3889835380342044,0.2,0.002614588881688348,0.4118217054263566,-0.003940065056573534,73.6
384,GRPEL1,8,0.029885578220357815,0.19658746779959968,0.32142857142857145,0.00402258898194168,0.43950361944157185,-0.0006564515146327294,65.25
385,MRPS31,40,0.5125196039918988,0.3752212388906803,0.8461538461538461,0.021335115999084147,0.4644808743169399,0.005854713161600354,64.0
386,KANK1,3,0.005221849891446773,1.0185711910380213,0.0,0.001916514541767151,0.397940074906367,-0.012371842421979043,94.66666666666667
387,MRPL37,41,0.55165928092827,0.3583206041096608,0.776829268292683,0.018748426973815423,0.48350398179749715,0.004896715054382294,59.02439024390244
388,MRPL47,40,0.6095459117857616,0.4071488084457646,0.8166666666666667,0.01837950734692074,0.4535752401280683,0.005964775974341686,56.1
389,MRPS7,43,0.5563983150492255,0.34686100073938525,0.7763012181616833,0.02579343904856741,0.46397379912663755,0.005825881953950207,67.69767441860465
390,GADD45GIP1,11,0.04388448729706404,0.31023005902991807,0.6909090909090909,0.007133283200066052,0.4358974358974359,0.006225524819968166,81.9090909090909
391,FERMT2,10,0.08248196784118006,0.20650581145643174,0.2222222222222222,0.003348019615574526,0.40399239543726234,0.005896674402249571,37.3
392,MRPL1,41,0.5860778532607545,0.377074866857413,0.7451219512195122,0.018788361002703678,0.4550321199143469,0.005936685397305063,54.53658536585366
393,MRPL10,40,0.6105083700762783,0.4089279847789209,0.8243589743589743,0.018410444489705375,0.453091684434968,0.005967364921106467,56.2
394,MRPL11,40,0.5354494227962743,0.38218026808563965,0.8269230769230769,0.021263830880500746,0.476457399103139,0.005887017958482298,62.95
395,MRPL28,37,0.565558545550975,0.44489297272904055,0.8558558558558559,0.014398830712180195,0.4354508196721312,0.006022450833533717,49.567567567567565
396,GART,6,0.04060763634190668,0.2347676697227367,0.3333333333333333,0.005248468028385444,0.443169968717414,0.006146714038496402,101.0
397,PARD6B,2,0.008064341190008333,1.702298106266986,0.0,0.0018999223784428843,0.407088122605364,0.01152636418821975,123.5
398,MRPS9,42,0.5430363665128616,0.3530631683863925,0.7967479674796748,0.02374687884513855,0.4649890590809628,0.005848582450005441,65.47619047619048
399,MRPL22,44,0.5699311549833165,0.34071905123238116,0.7547568710359408,0.02792406977208664,0.47752808988764045,0.005854513911770215,69.02272727272727
400,MRPL24,43,0.5603015990411222,0.3545698580209765,0.7873754152823921,0.026047884634158247,0.4609544468546638,0.005880411866802577,66.81395348837209
401,MRPS21,39,0.47048178484176745,0.3674545774358686,0.8205128205128205,0.018835145153613394,0.46703296703296704,0.004842441926132613,60.12820512820513
402,MRPS35,46,0.5944602047405978,0.31635796810158334,0.7033816425120772,0.028281744279674503,0.4791431792559188,0.005815659080447839,68.91304347826087
403,HMBS,3,0.06547680804605745,1.3064359141515158,0.3333333333333333,0.001970826951856424,0.40476190476190477,0.010778845751914064,81.33333333333333
404,IFIT2,14,0.053401948620319155,0.13364760469371384,0.5164835164835165,0.011215013827682533,0.44132917964693663,0.006125038531452381,80.21428571428571
405,IFIT3,9,0.022457216021305484,0.15479611706564955,0.8333333333333334,0.008649243437553389,0.43500511770726713,0.006533808655222777,101.11111111111111
406,MALSU1,8,0.029488877620399458,0.39878767904081946,0.7857142857142857,0.0036583064994049424,0.4142300194931774,0.006696230733187848,65.25
407,MCAT,3,0.006045127049100756,0.6497935601354762,0.3333333333333333,0.002428594408434766,0.41023166023166024,0.008881147511513764,102.0
408,MRPL15,40,0.5445577328643176,0.38654952491658034,0.8346153846153846,0.021492353812550675,0.4738015607580825,0.00590333411367057,63.575
409,MRPL16,37,0.475242306302434,0.4152026850963689,0.8858858858858859,0.01768252962762581,0.4422476586888658,0.0059278998798574355,56.78378378378378
410,MRPL19,37,0.5070466413871914,0.4299801819471544,0.9144144144144144,0.016655388062034933,0.45068928950159065,0.005951201721359843,56.32432432432432
411,MRPL3,39,0.5019486603164138,0.3899771043005538,0.8367071524966262,0.02027791340254305,0.45164718384697133,0.005914548407832425,59.87179487179487
412,MRPL39,38,0.5554529832522863,0.4223471150110626,0.8648648648648649,0.016785635552873216,0.45068928950159065,0.005969275682669586,55.36842105263158
413,MRPL45,38,0.4897891977916238,0.4067768874780363,0.918918918918919,0.019670105303921246,0.4564983888292159,0.005914382119677652,62.6578947368421
414,MRPL46,39,0.5185398036901923,0.37852424756924524,0.8582995951417004,0.019627906909872078,0.4594594594594595,0.0059468383936119385,60.82051282051282
415,MRPL48,38,0.4863237515505932,0.39800202156814735,0.8748221906116643,0.01946197571343674,0.4594594594594595,0.005917089231480788,62.1578947368421
416,MRPL57,10,0.04732930184997171,0.4469279915497013,0.9777777777777777,0.0052498811234637935,0.4150390625,0.006615258790070383,68.4
417,MRPS24,35,0.4476193768137881,0.4422796826953279,0.9663865546218487,0.01505417764230736,0.44642857142857145,0.005941245515608739,55.457142857142856
418,NBEAL1,1,0.0025342255487579256,5.261043935734081,0.0,0.0018346610763706431,0.4032258064516129,0.08249326453246425,232.0
419,SCAI,1,0.002534225548757787,5.261043935734132,0.0,0.0018346610763706455,0.4032258064516129,0.08249326453245553,232.0
420,MRPL53,39,0.5092998624787998,0.3657509473384675,0.7800269905533064,0.016480415358585153,0.43995859213250516,0.00588619029760645,52.48717948717949
421,MTHFD2,4,0.17791275201203155,1.8384280209554411,0.8333333333333334,0.001176599577140549,0.3867151956323931,-0.019740266615469765,50.25
422,IDE,4,0.02616892957620834,0.8796280267017204,0.3333333333333333,0.0010375600260160035,0.3781138790035587,-0.008518691579723858,43.75
423,IFNGR1,1,0.004137763955852372,9.667893673948244,0.0,0.00019101024351210385,0.3405448717948718,-0.39496045779028555,79.0
424,MAL2,1,0.004137763955852426,9.667893673948289,0.0,0.00019101024351210615,0.3405448717948718,-0.3949604577902659,79.0
425,MEIS1,1,0.004137763955852227,9.667893673948251,0.0,0.00019101024351210588,0.3405448717948718,-0.39496045779023475,79.0
